{
  "Socks5ListenAddr": ":10800",
  "PidFile": "amy4.pid",
  "LogFile": "amy4.log",
  "DnsListenAddr": ":10530",
  "//": "设置获取验证的服务器，不设置则使用默认",
  "AmyCdnServerAddr": "qbdun.amy.quick-connect.top",
  "//": "以上内容不能修改",
  "AmyOuts": [
    {
      "Tag": "wospZJ",
      "ProxyType": "wospServer",
      "WospSettings": {
        "Secret": "ningmengshui",
        "ServerKey": "651da954-85eb-4b1a-9e9c-8fe542525c57",
        "//": "请修改为你的手机号",
        "WoPhone": "13069638879"
      }
    }, {
      "Tag": "block",
      "ProxyType": "block"
    }, {
      "Tag": "origin",
      "ProxyType": "origin"
    }
  ],
  "Routers": [{
      "OutTags": ["origin"],
        "Rules": {
          "network": ["udp"],
          "!dport": ["53", "5353"],
          "//": "如果需要放行UDP，请将下面dport改为//dport",
          "dport": ["0"]
      }
    }
  ]
}

